<?xml version="1.0" encoding="UTF-8"?>
<project-private xmlns="http://www.netbeans.org/ns/project-private/1">
    <editor-bookmarks xmlns="http://www.netbeans.org/ns/editor-bookmarks/2" lastBookmarkId="0"/>
    <open-files xmlns="http://www.netbeans.org/ns/projectui-open-files/2">
        <group>
            <file>file:/C:/Users/javie/OneDrive/Documents/NetBeansProjects/citasMedicas/web/login.jsp</file>
            <file>file:/C:/Users/javie/OneDrive/Documents/NetBeansProjects/citasMedicas/web/js/funcionesLogin.js</file>
            <file>file:/C:/Users/javie/OneDrive/Documents/NetBeansProjects/citasMedicas/src/java/Servlets/GuardarDisponibilidadServlet.java</file>
            <file>file:/C:/Users/javie/OneDrive/Documents/NetBeansProjects/citasMedicas/web/paginaInicio.jsp</file>
            <file>file:/C:/Users/javie/OneDrive/Documents/NetBeansProjects/citasMedicas/web/actualizar_disponibilidad.jsp</file>
            <file>file:/C:/Users/javie/OneDrive/Documents/NetBeansProjects/citasMedicas/web/index.html</file>
            <file>file:/C:/Users/javie/OneDrive/Documents/NetBeansProjects/citasMedicas/web/ver_citas_asignadas.jsp</file>
            <file>file:/C:/Users/javie/OneDrive/Documents/NetBeansProjects/citasMedicas/web/consultar_citas.jsp</file>
            <file>file:/C:/Users/javie/OneDrive/Documents/NetBeansProjects/citasMedicas/web/altaUsuarioE.jsp</file>
            <file>file:/C:/Users/javie/OneDrive/Documents/NetBeansProjects/citasMedicas/src/java/Servlets/InicioSesion.java</file>
            <file>file:/C:/Users/javie/OneDrive/Documents/NetBeansProjects/citasMedicas/src/java/Servlets/VerCitasAsignadasServlet.java</file>
            <file>file:/C:/Users/javie/OneDrive/Documents/NetBeansProjects/citasMedicas/src/java/SQL/MetodosSQL.java</file>
            <file>file:/C:/Users/javie/OneDrive/Documents/NetBeansProjects/citasMedicas/web/historial_pacientes.jsp</file>
        </group>
    </open-files>
</project-private>
