<?xml version="1.0" encoding="UTF-8"?>
<project-private xmlns="http://www.netbeans.org/ns/project-private/1">
    <editor-bookmarks xmlns="http://www.netbeans.org/ns/editor-bookmarks/2" lastBookmarkId="0"/>
    <open-files xmlns="http://www.netbeans.org/ns/projectui-open-files/2">
        <group>
            <file>file:/C:/Users/javie/OneDrive/Documents/NetBeansProjects/citasMedicas/web/altaUsuarioE.jsp</file>
            <file>file:/C:/Users/javie/OneDrive/Documents/NetBeansProjects/citasMedicas/web/altaUsuario.jsp</file>
            <file>file:/C:/Users/javie/OneDrive/Documents/NetBeansProjects/citasMedicas/web/js/funcionesAltaUsuario.js</file>
            <file>file:/C:/Users/javie/OneDrive/Documents/NetBeansProjects/citasMedicas/web/js/funcionesIndex.js</file>
            <file>file:/C:/Users/javie/OneDrive/Documents/NetBeansProjects/citasMedicas/web/index.html</file>
        </group>
    </open-files>
</project-private>
